income_level,Country,Life Ladder
High income,41,6.664353475390244
Low income,13,3.8900653124615383
Lower middle income,28,4.772638678464285
Unknown,5,5.6234984396000005
Upper middle income,26,5.689864745461539
