Country,Life Ladder
41,6.664353475390244
13,3.8900653124615383
28,4.772638678464285
5,5.6234984396000005
26,5.689864745461539
